text,label
1 cup flour,1
2 tbsp olive oil,1
3 large eggs,1
100g butter,1
plain flour,1
wholemeal flour,1
caster sugar,1
granulated sugar,1
brown sugar,1
baking powder,1
baking soda,1
1 tsp vanilla extract,1
2 cups milk,1
1/2 cup raisins,1
3 cloves garlic,1
1 diced onion,1
2 bell peppers,1
200g chicken breast,1
salt and pepper,1
olive oil,1
vegetable broth,1
soy sauce,1
tamari,1
oats,1
rolled oats,1
almond flour,1
coconut flour,1
bread flour,1
wheat flour,1
spaghetti,1
pasta noodles,1
1 stick butter,1
unsalted butter,1
salted butter,1
heavy cream,1
sour cream,1
cream cheese,1

Sign up for our newsletter,0
subscribe for updates,0
leave a review,0
rate this recipe,0
powered by wordpress,0
read more recipes,0
browse our cookbook,0
terms and conditions,0
privacy policy,0
tag us on instagram,0
share this post,0
copyright Â© 2024,0
nutrition facts,0
method step 1,0
step 2 mix ingredients,0
bake for 30 minutes,0
cook until golden,0
user reviews,0
join our community,0
related recipes,0
click here,0
advertisement,0
sponsored content,0
review summary,0
ingredient list,0
instructions,0

